{
  "project_info": {
    "project_number": "870635676441",
    "project_id": "vegie-cc0b4",
    "storage_bucket": "vegie-cc0b4.appspot.com"
  },
  "client": [
    {
      "client_info": {
        "mobilesdk_app_id": "1:870635676441:android:659ceb23627a5872225b88",
        "android_client_info": {
          "package_name": "com.example.food_app"
        }
      },
      "oauth_client": [
        {
          "client_id": "870635676441-uvk3i720lcvk97l65oc6mi5nf9mibo33.apps.googleusercontent.com",
          "client_type": 1,
          "android_info": {
            "package_name": "com.example.food_app",
            "certificate_hash": "04dd5857f07eb507c829cc5ef2ddfc390e4c762a"
          }
        },
        {
          "client_id": "870635676441-4e7c2pbqnheunbkq912jda0mbp7dhfdk.apps.googleusercontent.com",
          "client_type": 3
        }
      ],
      "api_key": [
        {
          "current_key": "AIzaSyB-v5JV5rVtxy9bO9axSYd_OOtn5jgVFjE"
        }
      ],
      "services": {
        "appinvite_service": {
          "other_platform_oauth_client": [
            {
              "client_id": "870635676441-4e7c2pbqnheunbkq912jda0mbp7dhfdk.apps.googleusercontent.com",
              "client_type": 3
            },
            {
              "client_id": "870635676441-8u3jl7v8nt2mf0g6hbqunkbcg8k17h3n.apps.googleusercontent.com",
              "client_type": 2,
              "ios_info": {
                "bundle_id": "com.mycompany.fishere"
              }
            }
          ]
        }
      }
    },
    {
      "client_info": {
        "mobilesdk_app_id": "1:870635676441:android:eb9c8cd69a419921225b88",
        "android_client_info": {
          "package_name": "com.mycompany.fishe"
        }
      },
      "oauth_client": [
        {
          "client_id": "870635676441-is20bgpabcfp07p9iov7e8uutr3vfe5b.apps.googleusercontent.com",
          "client_type": 1,
          "android_info": {
            "package_name": "com.mycompany.fishe",
            "certificate_hash": "9bbb3186b2189ef16d8f272bdab59362c395cbb4"
          }
        },
        {
          "client_id": "870635676441-4e7c2pbqnheunbkq912jda0mbp7dhfdk.apps.googleusercontent.com",
          "client_type": 3
        }
      ],
      "api_key": [
        {
          "current_key": "AIzaSyB-v5JV5rVtxy9bO9axSYd_OOtn5jgVFjE"
        }
      ],
      "services": {
        "appinvite_service": {
          "other_platform_oauth_client": [
            {
              "client_id": "870635676441-4e7c2pbqnheunbkq912jda0mbp7dhfdk.apps.googleusercontent.com",
              "client_type": 3
            },
            {
              "client_id": "870635676441-8u3jl7v8nt2mf0g6hbqunkbcg8k17h3n.apps.googleusercontent.com",
              "client_type": 2,
              "ios_info": {
                "bundle_id": "com.mycompany.fishere"
              }
            }
          ]
        }
      }
    },
    {
      "client_info": {
        "mobilesdk_app_id": "1:870635676441:android:a1fbb6dfea9cb197225b88",
        "android_client_info": {
          "package_name": "com.mycompany.fishere"
        }
      },
      "oauth_client": [
        {
          "client_id": "870635676441-bqp6d84j3so8vkiq632arpbrsj4fnpjj.apps.googleusercontent.com",
          "client_type": 1,
          "android_info": {
            "package_name": "com.mycompany.fishere",
            "certificate_hash": "9bbb3186b2189ef16d8f272bdab59362c395cbb4"
          }
        },
        {
          "client_id": "870635676441-4e7c2pbqnheunbkq912jda0mbp7dhfdk.apps.googleusercontent.com",
          "client_type": 3
        }
      ],
      "api_key": [
        {
          "current_key": "AIzaSyB-v5JV5rVtxy9bO9axSYd_OOtn5jgVFjE"
        }
      ],
      "services": {
        "appinvite_service": {
          "other_platform_oauth_client": [
            {
              "client_id": "870635676441-4e7c2pbqnheunbkq912jda0mbp7dhfdk.apps.googleusercontent.com",
              "client_type": 3
            },
            {
              "client_id": "870635676441-8u3jl7v8nt2mf0g6hbqunkbcg8k17h3n.apps.googleusercontent.com",
              "client_type": 2,
              "ios_info": {
                "bundle_id": "com.mycompany.fishere"
              }
            }
          ]
        }
      }
    }
  ],
  "configuration_version": "1"
}